strike,T,iv,moneyness,log_moneyness
469.0,0.02,0.26915720074331856,0.7790697674418605,-0.2496546768625416
471.5,0.02,0.26882591717015125,0.7832225913621262,-0.24433834323530887
474.0,0.02,0.2627973514095288,0.7873754152823921,-0.23905012361374448
476.5,0.02,0.2614841801203238,0.7915282392026578,-0.23378972221456423
479.0,0.02,0.262147334322498,0.7956810631229236,-0.22855684789790573
481.5,0.02,0.2596115427444647,0.7998338870431894,-0.2233512140706408
484.0,0.02,0.26065801660202415,0.8039867109634552,-0.21817253859218927
486.5,0.02,0.2566324383029441,0.8081395348837209,-0.2130205436827613
489.0,0.02,0.25406912407441046,0.8122923588039868,-0.20789495583394896
491.5,0.02,0.258296194055027,0.8164451827242525,-0.2027955057215998
494.0,0.02,0.2534100749071185,0.8205980066445183,-0.19772192812089848
496.5,0.02,0.2525186330718824,0.824750830564784,-0.19267396182359375
499.0,0.02,0.24808090595968182,0.8289036544850499,-0.1876513495573023
501.5,0.02,0.24841300342234754,0.8330564784053156,-0.18265383790683082
504.0,0.02,0.24831919168460806,0.8372093023255814,-0.17768117723745236
506.5,0.02,0.24441482404479578,0.8413621262458472,-0.17273312162008297
509.0,0.02,0.2461112405734094,0.845514950166113,-0.16780942875829824
511.5,0.02,0.24282485621212874,0.8496677740863787,-0.16290985991713988
514.0,0.02,0.24213198331591743,0.8538205980066446,-0.1580341798536559
516.5,0.02,0.24022384069167527,0.8579734219269103,-0.15318215674912783
519.0,0.02,0.24386604211749263,0.8621262458471761,-0.14835356214293235
521.5,0.02,0.2388907797535437,0.8662790697674418,-0.14354817086799393
524.0,0.02,0.23558041024112422,0.8704318936877077,-0.13876576098777882
526.5,0.02,0.23814046690442506,0.8745847176079734,-0.13400611373479088
529.0,0.02,0.2328744442130693,0.8787375415282392,-0.1292690134505216
531.5,0.02,0.23457554957752977,0.882890365448505,-0.12455424752681844
534.0,0.02,0.22910084097317948,0.8870431893687708,-0.11986160634862615
536.5,0.02,0.22924657186561506,0.8911960132890365,-0.11519088323806789
539.0,0.02,0.2311995733780007,0.8953488372093024,-0.11054187439982384
541.5,0.02,0.23120557975250863,0.8995016611295681,-0.10591437886777576
544.0,0.02,0.22901381629204148,0.9036544850498339,-0.10130819845287838
546.5,0.02,0.22740160653977323,0.9078073089700996,-0.0967231376922278
549.0,0.02,0.22601166610924842,0.9119601328903655,-0.09215900379929037
551.5,0.02,0.2226567076352479,0.9161129568106312,-0.0876156066152639
554.0,0.02,0.22319261356959744,0.920265780730897,-0.0830927585615372
556.5,0.02,0.2227480153643306,0.9244186046511628,-0.07859027459322154
559.0,0.02,0.22483874080689084,0.9285714285714286,-0.07410797215372185
561.5,0.02,0.22248492449992663,0.9327242524916943,-0.06964567113032319
564.0,0.02,0.21736256642365115,0.9368770764119602,-0.0652031938107621
566.5,0.02,0.22064532333256473,0.9410299003322259,-0.06078036484076006
569.0,0.02,0.21835283533794755,0.9451827242524917,-0.05637701118249008
571.5,0.02,0.21691212558321651,0.9493355481727574,-0.05199296207395572
574.0,0.02,0.2186492096306629,0.9534883720930233,-0.04762804898925459
576.5,0.02,0.21866445716142913,0.957641196013289,-0.04328210559970735
579.0,0.02,0.2176581319667675,0.9617940199335548,-0.03895496773582577
581.5,0.02,0.21332656488075655,0.9659468438538206,-0.03464647335010195
584.0,0.02,0.21361212302310753,0.9700996677740864,-0.030356462480593954
586.5,0.02,0.21413455016321134,0.9742524916943521,-0.026084777215290917
589.0,0.02,0.21468032769750456,0.978405315614618,-0.021831261657234306
591.5,0.02,0.21104365552204676,0.9825581395348837,-0.0175957618903796
594.0,0.02,0.210918821606071,0.9867109634551495,-0.013378125946176087
596.5,0.02,0.20838079352433828,0.9908637873754153,-0.009178203770850267
599.0,0.02,0.20751938452962035,0.9950166112956811,-0.004995847193371666
601.5,0.02,0.21087001880845377,0.9991694352159468,-0.0008309098940875034
604.0,0.02,0.211305278972732,1.0033222591362125,0.0033167526259938207
606.5,0.02,0.2078111026255357,1.0074750830564785,0.00744728307528386
609.0,0.02,0.20933883715646653,1.0116279069767442,0.011560822401076006
611.5,0.02,0.2074458512359546,1.01578073089701,0.01565750981840597
614.0,0.02,0.20483714404101008,1.0199335548172757,0.019737482838321337
616.5,0.02,0.20626881523852014,1.0240863787375416,0.023800877295578022
619.0,0.02,0.20805441564915053,1.0282392026578073,0.027847827375775083
621.5,0.02,0.20435253111939702,1.032392026578073,0.03187846564194473
624.0,0.02,0.20701267980620264,1.0365448504983388,0.035892923060606534
626.5,0.02,0.19811632882319238,1.0406976744186047,0.039891329027302025
629.0,0.02,0.2044851186030915,1.0448504983388704,0.0438738113916195
631.5,0.02,0.20251382322984002,1.0490033222591362,0.047840496481724726
634.0,0.02,0.20125290582326233,1.053156146179402,0.05179150912840479
636.5,0.02,0.20155826648466,1.0573089700996678,0.05572697268864024
639.0,0.02,0.19693592354402165,1.0614617940199336,0.05964700906871378
641.5,0.02,0.20002038710869693,1.0656146179401993,0.06355173874687003
644.0,0.02,0.2007348415863613,1.069767441860465,0.06744128079553248
646.5,0.02,0.202549371027093,1.073920265780731,0.0713157529030912
649.0,0.02,0.19814195669418413,1.0780730897009967,0.07517527139526897
651.5,0.02,0.19715824042407346,1.0822259136212624,0.07901995125607873
654.0,0.02,0.19738013076683553,1.0863787375415281,0.08284990614837758
656.5,0.02,0.19983442523832765,1.090531561461794,0.0866652484340299
659.0,0.02,0.19829253224598214,1.0946843853820598,0.09046608919368619
661.5,0.02,0.19621822718819082,1.0988372093023255,0.09425253824618929
664.0,0.02,0.19795818593807604,1.1029900332225913,0.09802470416761272
666.5,0.02,0.19679077457808705,1.1071428571428572,0.10178269430994238
669.0,0.02,0.19820982345834826,1.111295681063123,0.10552661481940742
671.5,0.02,0.19455516914381119,1.1154485049833887,0.10925657065447118
674.0,0.02,0.19500140459528506,1.1196013289036544,0.1129726656034859
676.5,0.02,0.1945805632418298,1.1237541528239203,0.11667500230202174
679.0,0.02,0.19215628434219872,1.127906976744186,0.12036368224987509
681.5,0.02,0.19540446194444003,1.1320598006644518,0.12403880582776622
684.0,0.02,0.19507350145657246,1.1362126245847175,0.12770047231372933
686.5,0.02,0.19431094107955663,1.1403654485049834,0.13134877989920477
689.0,0.02,0.19359090967752873,1.1445182724252492,0.13498382570483752
691.5,0.02,0.1909986529602431,1.148671096345515,0.13860570579599182
694.0,0.02,0.19276725060245342,1.1528239202657806,0.14221451519798337
696.5,0.02,0.19271199226461166,1.1569767441860466,0.1458103479110394
699.0,0.02,0.19159137833633647,1.1611295681063123,0.14939329692498923
701.5,0.02,0.19268140415472224,1.165282392026578,0.15296345423369453
704.0,0.02,0.19362955201600582,1.169435215946844,0.15652091084922146
706.5,0.02,0.1964206310204537,1.1735880398671097,0.16006575681576113
709.0,0.02,0.19283346137600538,1.1777408637873754,0.16359808122330646
711.5,0.02,0.19284459534113182,1.1818936877076411,0.167117972221086
714.0,0.02,0.1920348396903895,1.186046511627907,0.17062551703076345
716.5,0.02,0.18820938127856338,1.1901993355481728,0.17412080195940555
719.0,0.02,0.1918659516200275,1.1943521594684385,0.17760391241222565
721.5,0.02,0.19192026833553333,1.1985049833887043,0.18107493290510449
724.0,0.02,0.1966158041175162,1.2026578073089702,0.1845339470768954
726.5,0.02,0.1912027050442256,1.206810631229236,0.18798103770151658
729.0,0.02,0.19209713662172778,1.2109634551495017,0.1914162866998371
731.5,0.02,0.19133965510899914,1.2151162790697674,0.19483977515135792
734.0,0.02,0.18899509597018452,1.2192691029900333,0.19825158330569462
736.5,0.02,0.1935497237497557,1.223421926910299,0.20165179059386396
739.0,0.02,0.19270773997114526,1.2275747508305648,0.20504047563938074
741.5,0.02,0.19273382134903336,1.2317275747508305,0.2084177162691657
744.0,0.02,0.18928887292036806,1.2358803986710964,0.2117835895242709
746.5,0.02,0.1938770537063759,1.2400332225913622,0.21513817167042407
749.0,0.02,0.18823942812365496,1.244186046511628,0.21848153820839844
751.5,0.02,0.19219627950460294,1.2483388704318936,0.2218137638842081
754.0,0.02,0.19539060447993248,1.2524916943521596,0.22513492269913513
756.5,0.02,0.1890233652068737,1.2566445182724253,0.22844508791958962
759.0,0.02,0.18987412853769386,1.260797342192691,0.2317443320868089
761.5,0.02,0.19121578007694523,1.2649501661129567,0.2350327270263954
469.0,0.04,0.2689127432306394,0.7790697674418605,-0.2496546768625416
471.5,0.04,0.2693481499396297,0.7832225913621262,-0.24433834323530887
474.0,0.04,0.2618231337243907,0.7873754152823921,-0.23905012361374448
476.5,0.04,0.2637394016392281,0.7915282392026578,-0.23378972221456423
479.0,0.04,0.26224934175183656,0.7956810631229236,-0.22855684789790573
481.5,0.04,0.26167969031213956,0.7998338870431894,-0.2233512140706408
484.0,0.04,0.25605526230986747,0.8039867109634552,-0.21817253859218927
486.5,0.04,0.2543276518036807,0.8081395348837209,-0.2130205436827613
489.0,0.04,0.2564777696014239,0.8122923588039868,-0.20789495583394896
491.5,0.04,0.25451874188567825,0.8164451827242525,-0.2027955057215998
494.0,0.04,0.25294185975801087,0.8205980066445183,-0.19772192812089848
496.5,0.04,0.25167474445591936,0.824750830564784,-0.19267396182359375
499.0,0.04,0.24818730810130699,0.8289036544850499,-0.1876513495573023
501.5,0.04,0.24860157896043963,0.8330564784053156,-0.18265383790683082
504.0,0.04,0.24733680982374737,0.8372093023255814,-0.17768117723745236
506.5,0.04,0.24395911507867202,0.8413621262458472,-0.17273312162008297
509.0,0.04,0.2477797656763925,0.845514950166113,-0.16780942875829824
511.5,0.04,0.24367921832993825,0.8496677740863787,-0.16290985991713988
514.0,0.04,0.2390549151153953,0.8538205980066446,-0.1580341798536559
516.5,0.04,0.24147893461539674,0.8579734219269103,-0.15318215674912783
519.0,0.04,0.23696681196623648,0.8621262458471761,-0.14835356214293235
521.5,0.04,0.23926244696276863,0.8662790697674418,-0.14354817086799393
524.0,0.04,0.23879904268230806,0.8704318936877077,-0.13876576098777882
526.5,0.04,0.23365525351509048,0.8745847176079734,-0.13400611373479088
529.0,0.04,0.23605905609176783,0.8787375415282392,-0.1292690134505216
531.5,0.04,0.2338142011778209,0.882890365448505,-0.12455424752681844
534.0,0.04,0.23350948016345627,0.8870431893687708,-0.11986160634862615
536.5,0.04,0.23455579094844856,0.8911960132890365,-0.11519088323806789
539.0,0.04,0.2291881423834016,0.8953488372093024,-0.11054187439982384
541.5,0.04,0.22710777647689187,0.8995016611295681,-0.10591437886777576
544.0,0.04,0.2257919188666893,0.9036544850498339,-0.10130819845287838
546.5,0.04,0.22491415100163464,0.9078073089700996,-0.0967231376922278
549.0,0.04,0.22538527705993414,0.9119601328903655,-0.09215900379929037
551.5,0.04,0.2252341423947435,0.9161129568106312,-0.0876156066152639
554.0,0.04,0.22413599485027802,0.920265780730897,-0.0830927585615372
556.5,0.04,0.22428594288482354,0.9244186046511628,-0.07859027459322154
559.0,0.04,0.22172450675605904,0.9285714285714286,-0.07410797215372185
561.5,0.04,0.22369023984536765,0.9327242524916943,-0.06964567113032319
564.0,0.04,0.21935605104969172,0.9368770764119602,-0.0652031938107621
566.5,0.04,0.22444520597547093,0.9410299003322259,-0.06078036484076006
569.0,0.04,0.2193928041138109,0.9451827242524917,-0.05637701118249008
571.5,0.04,0.21558064716869998,0.9493355481727574,-0.05199296207395572
574.0,0.04,0.21432335669774663,0.9534883720930233,-0.04762804898925459
576.5,0.04,0.21661675110941545,0.957641196013289,-0.04328210559970735
579.0,0.04,0.21440783219037848,0.9617940199335548,-0.03895496773582577
581.5,0.04,0.21550180189363863,0.9659468438538206,-0.03464647335010195
584.0,0.04,0.2142552187092724,0.9700996677740864,-0.030356462480593954
586.5,0.04,0.21241373827332014,0.9742524916943521,-0.026084777215290917
589.0,0.04,0.2101319849284424,0.978405315614618,-0.021831261657234306
591.5,0.04,0.20807739416781468,0.9825581395348837,-0.0175957618903796
594.0,0.04,0.20951073407403478,0.9867109634551495,-0.013378125946176087
596.5,0.04,0.21142821786844743,0.9908637873754153,-0.009178203770850267
599.0,0.04,0.20947006950242697,0.9950166112956811,-0.004995847193371666
601.5,0.04,0.2058914987261367,0.9991694352159468,-0.0008309098940875034
604.0,0.04,0.20808489460370058,1.0033222591362125,0.0033167526259938207
606.5,0.04,0.20787901835727415,1.0074750830564785,0.00744728307528386
609.0,0.04,0.20472464859493128,1.0116279069767442,0.011560822401076006
611.5,0.04,0.20619775964142803,1.01578073089701,0.01565750981840597
614.0,0.04,0.20541847836866858,1.0199335548172757,0.019737482838321337
616.5,0.04,0.2024415191607733,1.0240863787375416,0.023800877295578022
619.0,0.04,0.20488192469924477,1.0282392026578073,0.027847827375775083
621.5,0.04,0.20474014697709628,1.032392026578073,0.03187846564194473
624.0,0.04,0.20525009461712143,1.0365448504983388,0.035892923060606534
626.5,0.04,0.2046700474097468,1.0406976744186047,0.039891329027302025
629.0,0.04,0.199298445553247,1.0448504983388704,0.0438738113916195
631.5,0.04,0.199682219935693,1.0490033222591362,0.047840496481724726
634.0,0.04,0.20210462801054238,1.053156146179402,0.05179150912840479
636.5,0.04,0.20163127758485536,1.0573089700996678,0.05572697268864024
639.0,0.04,0.20117527100603405,1.0614617940199336,0.05964700906871378
641.5,0.04,0.2074042932560763,1.0656146179401993,0.06355173874687003
644.0,0.04,0.20040631549211538,1.069767441860465,0.06744128079553248
646.5,0.04,0.20111328624815347,1.073920265780731,0.0713157529030912
649.0,0.04,0.2003395638895736,1.0780730897009967,0.07517527139526897
651.5,0.04,0.1993354035725125,1.0822259136212624,0.07901995125607873
654.0,0.04,0.19701467080207302,1.0863787375415281,0.08284990614837758
656.5,0.04,0.19878713742571244,1.090531561461794,0.0866652484340299
659.0,0.04,0.19535881540484432,1.0946843853820598,0.09046608919368619
661.5,0.04,0.1960772500060584,1.0988372093023255,0.09425253824618929
664.0,0.04,0.19523761509441576,1.1029900332225913,0.09802470416761272
666.5,0.04,0.19604045971245157,1.1071428571428572,0.10178269430994238
669.0,0.04,0.20018519438386487,1.111295681063123,0.10552661481940742
671.5,0.04,0.19151119314049525,1.1154485049833887,0.10925657065447118
674.0,0.04,0.1963186560833823,1.1196013289036544,0.1129726656034859
676.5,0.04,0.19143156901485306,1.1237541528239203,0.11667500230202174
679.0,0.04,0.19343434344064556,1.127906976744186,0.12036368224987509
681.5,0.04,0.19628754610621874,1.1320598006644518,0.12403880582776622
684.0,0.04,0.19397976543772966,1.1362126245847175,0.12770047231372933
686.5,0.04,0.1914472919337246,1.1403654485049834,0.13134877989920477
689.0,0.04,0.19193366002944823,1.1445182724252492,0.13498382570483752
691.5,0.04,0.19449475442502326,1.148671096345515,0.13860570579599182
694.0,0.04,0.19145581968048325,1.1528239202657806,0.14221451519798337
696.5,0.04,0.19314006503636702,1.1569767441860466,0.1458103479110394
699.0,0.04,0.19259838702621254,1.1611295681063123,0.14939329692498923
701.5,0.04,0.19101353969486223,1.165282392026578,0.15296345423369453
704.0,0.04,0.19642342942368737,1.169435215946844,0.15652091084922146
706.5,0.04,0.19323138747055613,1.1735880398671097,0.16006575681576113
709.0,0.04,0.18775038451175338,1.1777408637873754,0.16359808122330646
711.5,0.04,0.19201971662238798,1.1818936877076411,0.167117972221086
714.0,0.04,0.19017829858879584,1.186046511627907,0.17062551703076345
716.5,0.04,0.1930706352799363,1.1901993355481728,0.17412080195940555
719.0,0.04,0.18965336730200713,1.1943521594684385,0.17760391241222565
721.5,0.04,0.19089022979390247,1.1985049833887043,0.18107493290510449
724.0,0.04,0.1920195366401493,1.2026578073089702,0.1845339470768954
726.5,0.04,0.192639410268703,1.206810631229236,0.18798103770151658
729.0,0.04,0.18841403723293645,1.2109634551495017,0.1914162866998371
731.5,0.04,0.19006066515960243,1.2151162790697674,0.19483977515135792
734.0,0.04,0.18970303811655334,1.2192691029900333,0.19825158330569462
736.5,0.04,0.1892776720509605,1.223421926910299,0.20165179059386396
739.0,0.04,0.19405469961433716,1.2275747508305648,0.20504047563938074
741.5,0.04,0.19128119319341333,1.2317275747508305,0.2084177162691657
744.0,0.04,0.18790479869363041,1.2358803986710964,0.2117835895242709
746.5,0.04,0.1922254466716713,1.2400332225913622,0.21513817167042407
749.0,0.04,0.19460493280614075,1.244186046511628,0.21848153820839844
751.5,0.04,0.1924041130908203,1.2483388704318936,0.2218137638842081
754.0,0.04,0.1872865933168333,1.2524916943521596,0.22513492269913513
756.5,0.04,0.18935052922239942,1.2566445182724253,0.22844508791958962
759.0,0.04,0.19285392305199658,1.260797342192691,0.2317443320868089
761.5,0.04,0.18891323119295905,1.2649501661129567,0.2350327270263954
469.0,0.08,0.2655731810580477,0.7790697674418605,-0.2496546768625416
471.5,0.08,0.26651448090957547,0.7832225913621262,-0.24433834323530887
474.0,0.08,0.25910787727584667,0.7873754152823921,-0.23905012361374448
476.5,0.08,0.262680643208111,0.7915282392026578,-0.23378972221456423
479.0,0.08,0.2587761639649813,0.7956810631229236,-0.22855684789790573
481.5,0.08,0.25522035873978105,0.7998338870431894,-0.2233512140706408
484.0,0.08,0.25656119204832856,0.8039867109634552,-0.21817253859218927
486.5,0.08,0.25451428580582475,0.8081395348837209,-0.2130205436827613
489.0,0.08,0.2514201340789844,0.8122923588039868,-0.20789495583394896
491.5,0.08,0.25128944767548417,0.8164451827242525,-0.2027955057215998
494.0,0.08,0.24893302654860341,0.8205980066445183,-0.19772192812089848
496.5,0.08,0.2485086995685706,0.824750830564784,-0.19267396182359375
499.0,0.08,0.24820781048509924,0.8289036544850499,-0.1876513495573023
501.5,0.08,0.2486810181303415,0.8330564784053156,-0.18265383790683082
504.0,0.08,0.2416820235794766,0.8372093023255814,-0.17768117723745236
506.5,0.08,0.24709531524330466,0.8413621262458472,-0.17273312162008297
509.0,0.08,0.23761928515747915,0.845514950166113,-0.16780942875829824
511.5,0.08,0.2399364209524954,0.8496677740863787,-0.16290985991713988
514.0,0.08,0.24015517899872602,0.8538205980066446,-0.1580341798536559
516.5,0.08,0.23830081479983536,0.8579734219269103,-0.15318215674912783
519.0,0.08,0.23527516645338614,0.8621262458471761,-0.14835356214293235
521.5,0.08,0.23490722311657125,0.8662790697674418,-0.14354817086799393
524.0,0.08,0.23316126004153856,0.8704318936877077,-0.13876576098777882
526.5,0.08,0.23181294796164484,0.8745847176079734,-0.13400611373479088
529.0,0.08,0.23355565213770013,0.8787375415282392,-0.1292690134505216
531.5,0.08,0.23145534235500084,0.882890365448505,-0.12455424752681844
534.0,0.08,0.22826019101395026,0.8870431893687708,-0.11986160634862615
536.5,0.08,0.23036949082198852,0.8911960132890365,-0.11519088323806789
539.0,0.08,0.22812850385256667,0.8953488372093024,-0.11054187439982384
541.5,0.08,0.22810233056771687,0.8995016611295681,-0.10591437886777576
544.0,0.08,0.22671741221414896,0.9036544850498339,-0.10130819845287838
546.5,0.08,0.22280032220465526,0.9078073089700996,-0.0967231376922278
549.0,0.08,0.22235648398692798,0.9119601328903655,-0.09215900379929037
551.5,0.08,0.2240081136678529,0.9161129568106312,-0.0876156066152639
554.0,0.08,0.22278886801345826,0.920265780730897,-0.0830927585615372
556.5,0.08,0.22059862364608832,0.9244186046511628,-0.07859027459322154
559.0,0.08,0.21996486050463257,0.9285714285714286,-0.07410797215372185
561.5,0.08,0.22139257867632306,0.9327242524916943,-0.06964567113032319
564.0,0.08,0.21677820158205058,0.9368770764119602,-0.0652031938107621
566.5,0.08,0.21819647833911773,0.9410299003322259,-0.06078036484076006
569.0,0.08,0.21585547590776963,0.9451827242524917,-0.05637701118249008
571.5,0.08,0.21499851273658413,0.9493355481727574,-0.05199296207395572
574.0,0.08,0.21682168008433655,0.9534883720930233,-0.04762804898925459
576.5,0.08,0.21548125171070895,0.957641196013289,-0.04328210559970735
579.0,0.08,0.21467957941654814,0.9617940199335548,-0.03895496773582577
581.5,0.08,0.21490131745269647,0.9659468438538206,-0.03464647335010195
584.0,0.08,0.21158563874155892,0.9700996677740864,-0.030356462480593954
586.5,0.08,0.21217609555692535,0.9742524916943521,-0.026084777215290917
589.0,0.08,0.20947532059529053,0.978405315614618,-0.021831261657234306
591.5,0.08,0.21004277858665305,0.9825581395348837,-0.0175957618903796
594.0,0.08,0.20844750285345695,0.9867109634551495,-0.013378125946176087
596.5,0.08,0.20822970194506452,0.9908637873754153,-0.009178203770850267
599.0,0.08,0.20856835234368992,0.9950166112956811,-0.004995847193371666
601.5,0.08,0.2050981642205922,0.9991694352159468,-0.0008309098940875034
604.0,0.08,0.2102900207328465,1.0033222591362125,0.0033167526259938207
606.5,0.08,0.2034777620426371,1.0074750830564785,0.00744728307528386
609.0,0.08,0.20245971936436374,1.0116279069767442,0.011560822401076006
611.5,0.08,0.206616208768531,1.01578073089701,0.01565750981840597
614.0,0.08,0.2053086372891353,1.0199335548172757,0.019737482838321337
616.5,0.08,0.20441215693537895,1.0240863787375416,0.023800877295578022
619.0,0.08,0.20387234254283482,1.0282392026578073,0.027847827375775083
621.5,0.08,0.20205587151714954,1.032392026578073,0.03187846564194473
624.0,0.08,0.19976340181697258,1.0365448504983388,0.035892923060606534
626.5,0.08,0.20119975188698952,1.0406976744186047,0.039891329027302025
629.0,0.08,0.19919659510097174,1.0448504983388704,0.0438738113916195
631.5,0.08,0.20201633615339096,1.0490033222591362,0.047840496481724726
634.0,0.08,0.19929942336281417,1.053156146179402,0.05179150912840479
636.5,0.08,0.19748211128147697,1.0573089700996678,0.05572697268864024
639.0,0.08,0.19804189241538125,1.0614617940199336,0.05964700906871378
641.5,0.08,0.19907394296689,1.0656146179401993,0.06355173874687003
644.0,0.08,0.19669577297413313,1.069767441860465,0.06744128079553248
646.5,0.08,0.19576551972910092,1.073920265780731,0.0713157529030912
649.0,0.08,0.19749554195997204,1.0780730897009967,0.07517527139526897
651.5,0.08,0.1971076501981065,1.0822259136212624,0.07901995125607873
654.0,0.08,0.19522459839032194,1.0863787375415281,0.08284990614837758
656.5,0.08,0.19492827135381108,1.090531561461794,0.0866652484340299
659.0,0.08,0.19597728565427494,1.0946843853820598,0.09046608919368619
661.5,0.08,0.19227071020389375,1.0988372093023255,0.09425253824618929
664.0,0.08,0.19201638206310714,1.1029900332225913,0.09802470416761272
666.5,0.08,0.19306947343187875,1.1071428571428572,0.10178269430994238
669.0,0.08,0.19376502685912805,1.111295681063123,0.10552661481940742
671.5,0.08,0.19450968963748883,1.1154485049833887,0.10925657065447118
674.0,0.08,0.19654482288545227,1.1196013289036544,0.1129726656034859
676.5,0.08,0.19502583828140505,1.1237541528239203,0.11667500230202174
679.0,0.08,0.1927171146993122,1.127906976744186,0.12036368224987509
681.5,0.08,0.1927353891527079,1.1320598006644518,0.12403880582776622
684.0,0.08,0.19051464409563104,1.1362126245847175,0.12770047231372933
686.5,0.08,0.19223870501302132,1.1403654485049834,0.13134877989920477
689.0,0.08,0.1914640867991921,1.1445182724252492,0.13498382570483752
691.5,0.08,0.19246205679909723,1.148671096345515,0.13860570579599182
694.0,0.08,0.1899468160067403,1.1528239202657806,0.14221451519798337
696.5,0.08,0.19243397286215028,1.1569767441860466,0.1458103479110394
699.0,0.08,0.19426400571882455,1.1611295681063123,0.14939329692498923
701.5,0.08,0.19079340543316675,1.165282392026578,0.15296345423369453
704.0,0.08,0.1916358016919701,1.169435215946844,0.15652091084922146
706.5,0.08,0.19204307955525923,1.1735880398671097,0.16006575681576113
709.0,0.08,0.1896996320885319,1.1777408637873754,0.16359808122330646
711.5,0.08,0.19079831610774867,1.1818936877076411,0.167117972221086
714.0,0.08,0.19023206038996385,1.186046511627907,0.17062551703076345
716.5,0.08,0.19026756939100997,1.1901993355481728,0.17412080195940555
719.0,0.08,0.18840004835136212,1.1943521594684385,0.17760391241222565
721.5,0.08,0.189877361182687,1.1985049833887043,0.18107493290510449
724.0,0.08,0.19071494668645034,1.2026578073089702,0.1845339470768954
726.5,0.08,0.1925200981861883,1.206810631229236,0.18798103770151658
729.0,0.08,0.1914433813890485,1.2109634551495017,0.1914162866998371
731.5,0.08,0.19374631866481012,1.2151162790697674,0.19483977515135792
734.0,0.08,0.18782837625859566,1.2192691029900333,0.19825158330569462
736.5,0.08,0.1910387533013427,1.223421926910299,0.20165179059386396
739.0,0.08,0.1895996800758007,1.2275747508305648,0.20504047563938074
741.5,0.08,0.19355925072544605,1.2317275747508305,0.2084177162691657
744.0,0.08,0.18751738417307012,1.2358803986710964,0.2117835895242709
746.5,0.08,0.18741648331783778,1.2400332225913622,0.21513817167042407
749.0,0.08,0.18786662256426104,1.244186046511628,0.21848153820839844
751.5,0.08,0.18479455699803912,1.2483388704318936,0.2218137638842081
754.0,0.08,0.18797516478663184,1.2524916943521596,0.22513492269913513
756.5,0.08,0.18750004863088776,1.2566445182724253,0.22844508791958962
759.0,0.08,0.1893179812226238,1.260797342192691,0.2317443320868089
761.5,0.08,0.18970675456857744,1.2649501661129567,0.2350327270263954
469.0,0.17,0.2585323283226513,0.7790697674418605,-0.2496546768625416
471.5,0.17,0.2596510105826712,0.7832225913621262,-0.24433834323530887
474.0,0.17,0.25242631581564545,0.7873754152823921,-0.23905012361374448
476.5,0.17,0.2528816743292219,0.7915282392026578,-0.23378972221456423
479.0,0.17,0.2525812685783675,0.7956810631229236,-0.22855684789790573
481.5,0.17,0.2511798527292961,0.7998338870431894,-0.2233512140706408
484.0,0.17,0.24872528087122053,0.8039867109634552,-0.21817253859218927
486.5,0.17,0.24943470441977272,0.8081395348837209,-0.2130205436827613
489.0,0.17,0.24464109753193009,0.8122923588039868,-0.20789495583394896
491.5,0.17,0.24510232890737738,0.8164451827242525,-0.2027955057215998
494.0,0.17,0.2442615246318036,0.8205980066445183,-0.19772192812089848
496.5,0.17,0.24370643855177435,0.824750830564784,-0.19267396182359375
499.0,0.17,0.24277989174019443,0.8289036544850499,-0.1876513495573023
501.5,0.17,0.23780864946436397,0.8330564784053156,-0.18265383790683082
504.0,0.17,0.2357128498110777,0.8372093023255814,-0.17768117723745236
506.5,0.17,0.2400811566000253,0.8413621262458472,-0.17273312162008297
509.0,0.17,0.23695644861029155,0.845514950166113,-0.16780942875829824
511.5,0.17,0.23358187545527884,0.8496677740863787,-0.16290985991713988
514.0,0.17,0.23698891306986558,0.8538205980066446,-0.1580341798536559
516.5,0.17,0.23294617870891995,0.8579734219269103,-0.15318215674912783
519.0,0.17,0.2339218355882246,0.8621262458471761,-0.14835356214293235
521.5,0.17,0.23056661769332853,0.8662790697674418,-0.14354817086799393
524.0,0.17,0.23344108454231777,0.8704318936877077,-0.13876576098777882
526.5,0.17,0.23173769186652535,0.8745847176079734,-0.13400611373479088
529.0,0.17,0.22665566623887493,0.8787375415282392,-0.1292690134505216
531.5,0.17,0.22804223716835906,0.882890365448505,-0.12455424752681844
534.0,0.17,0.22635402187006762,0.8870431893687708,-0.11986160634862615
536.5,0.17,0.22678314336278563,0.8911960132890365,-0.11519088323806789
539.0,0.17,0.22111684469263018,0.8953488372093024,-0.11054187439982384
541.5,0.17,0.223437576343548,0.8995016611295681,-0.10591437886777576
544.0,0.17,0.22321884776398818,0.9036544850498339,-0.10130819845287838
546.5,0.17,0.2166385655365006,0.9078073089700996,-0.0967231376922278
549.0,0.17,0.2168608739579045,0.9119601328903655,-0.09215900379929037
551.5,0.17,0.21423735779306824,0.9161129568106312,-0.0876156066152639
554.0,0.17,0.21688231173600603,0.920265780730897,-0.0830927585615372
556.5,0.17,0.21797817605657366,0.9244186046511628,-0.07859027459322154
559.0,0.17,0.21868622879136118,0.9285714285714286,-0.07410797215372185
561.5,0.17,0.21498438176991275,0.9327242524916943,-0.06964567113032319
564.0,0.17,0.21726415577413835,0.9368770764119602,-0.0652031938107621
566.5,0.17,0.21043331289643316,0.9410299003322259,-0.06078036484076006
569.0,0.17,0.20898900749395605,0.9451827242524917,-0.05637701118249008
571.5,0.17,0.21150240874857304,0.9493355481727574,-0.05199296207395572
574.0,0.17,0.21161465476709365,0.9534883720930233,-0.04762804898925459
576.5,0.17,0.21002925767427372,0.957641196013289,-0.04328210559970735
579.0,0.17,0.20522280831732106,0.9617940199335548,-0.03895496773582577
581.5,0.17,0.2084572410816991,0.9659468438538206,-0.03464647335010195
584.0,0.17,0.2053188980801397,0.9700996677740864,-0.030356462480593954
586.5,0.17,0.2085739320349344,0.9742524916943521,-0.026084777215290917
589.0,0.17,0.20728875650683803,0.978405315614618,-0.021831261657234306
591.5,0.17,0.20401082860332706,0.9825581395348837,-0.0175957618903796
594.0,0.17,0.20421177197788298,0.9867109634551495,-0.013378125946176087
596.5,0.17,0.20248372275288512,0.9908637873754153,-0.009178203770850267
599.0,0.17,0.20385300124063083,0.9950166112956811,-0.004995847193371666
601.5,0.17,0.20527826106516217,0.9991694352159468,-0.0008309098940875034
604.0,0.17,0.20079939271181224,1.0033222591362125,0.0033167526259938207
606.5,0.17,0.2031949039494891,1.0074750830564785,0.00744728307528386
609.0,0.17,0.20055520813065242,1.0116279069767442,0.011560822401076006
611.5,0.17,0.1994716873056717,1.01578073089701,0.01565750981840597
614.0,0.17,0.20029773200282772,1.0199335548172757,0.019737482838321337
616.5,0.17,0.19790817311341605,1.0240863787375416,0.023800877295578022
619.0,0.17,0.19835058669785866,1.0282392026578073,0.027847827375775083
621.5,0.17,0.19655357888088867,1.032392026578073,0.03187846564194473
624.0,0.17,0.20238231741258722,1.0365448504983388,0.035892923060606534
626.5,0.17,0.1980388731577438,1.0406976744186047,0.039891329027302025
629.0,0.17,0.19609618562610956,1.0448504983388704,0.0438738113916195
631.5,0.17,0.19746256590495395,1.0490033222591362,0.047840496481724726
634.0,0.17,0.19636046733339196,1.053156146179402,0.05179150912840479
636.5,0.17,0.19570512039536975,1.0573089700996678,0.05572697268864024
639.0,0.17,0.19694862069014582,1.0614617940199336,0.05964700906871378
641.5,0.17,0.19681969644655456,1.0656146179401993,0.06355173874687003
644.0,0.17,0.19383911476926627,1.069767441860465,0.06744128079553248
646.5,0.17,0.19335483690718538,1.073920265780731,0.0713157529030912
649.0,0.17,0.193573526282035,1.0780730897009967,0.07517527139526897
651.5,0.17,0.18914762494082696,1.0822259136212624,0.07901995125607873
654.0,0.17,0.1903594870238138,1.0863787375415281,0.08284990614837758
656.5,0.17,0.195772468430386,1.090531561461794,0.0866652484340299
659.0,0.17,0.19598784110465103,1.0946843853820598,0.09046608919368619
661.5,0.17,0.1918692421341913,1.0988372093023255,0.09425253824618929
664.0,0.17,0.1931999486739879,1.1029900332225913,0.09802470416761272
666.5,0.17,0.19235885833680638,1.1071428571428572,0.10178269430994238
669.0,0.17,0.1975935378917325,1.111295681063123,0.10552661481940742
671.5,0.17,0.19338413298488566,1.1154485049833887,0.10925657065447118
674.0,0.17,0.1906080386057262,1.1196013289036544,0.1129726656034859
676.5,0.17,0.1886812637757723,1.1237541528239203,0.11667500230202174
679.0,0.17,0.18711740100792568,1.127906976744186,0.12036368224987509
681.5,0.17,0.19048454727296893,1.1320598006644518,0.12403880582776622
684.0,0.17,0.18832152279710626,1.1362126245847175,0.12770047231372933
686.5,0.17,0.18675550097311083,1.1403654485049834,0.13134877989920477
689.0,0.17,0.18808172972189288,1.1445182724252492,0.13498382570483752
691.5,0.17,0.1869956340195229,1.148671096345515,0.13860570579599182
694.0,0.17,0.1923257609653677,1.1528239202657806,0.14221451519798337
696.5,0.17,0.19051630493214564,1.1569767441860466,0.1458103479110394
699.0,0.17,0.18854733604443163,1.1611295681063123,0.14939329692498923
701.5,0.17,0.19134204301999286,1.165282392026578,0.15296345423369453
704.0,0.17,0.18836429276970576,1.169435215946844,0.15652091084922146
706.5,0.17,0.1863228288031641,1.1735880398671097,0.16006575681576113
709.0,0.17,0.19093583882620782,1.1777408637873754,0.16359808122330646
711.5,0.17,0.18881987052958457,1.1818936877076411,0.167117972221086
714.0,0.17,0.18552819919642322,1.186046511627907,0.17062551703076345
716.5,0.17,0.187090752571709,1.1901993355481728,0.17412080195940555
719.0,0.17,0.18559694633446655,1.1943521594684385,0.17760391241222565
721.5,0.17,0.18446726896015125,1.1985049833887043,0.18107493290510449
724.0,0.17,0.1889777609723226,1.2026578073089702,0.1845339470768954
726.5,0.17,0.19084454870842532,1.206810631229236,0.18798103770151658
729.0,0.17,0.1841365831439226,1.2109634551495017,0.1914162866998371
731.5,0.17,0.18797527514429294,1.2151162790697674,0.19483977515135792
734.0,0.17,0.18547120859615793,1.2192691029900333,0.19825158330569462
736.5,0.17,0.18572886283590223,1.223421926910299,0.20165179059386396
739.0,0.17,0.18545633348883855,1.2275747508305648,0.20504047563938074
741.5,0.17,0.18485846137956893,1.2317275747508305,0.2084177162691657
744.0,0.17,0.18663604849649906,1.2358803986710964,0.2117835895242709
746.5,0.17,0.18483683585751384,1.2400332225913622,0.21513817167042407
749.0,0.17,0.18700647778970214,1.244186046511628,0.21848153820839844
751.5,0.17,0.18633894270389104,1.2483388704318936,0.2218137638842081
754.0,0.17,0.18594233474494065,1.2524916943521596,0.22513492269913513
756.5,0.17,0.18459280379889345,1.2566445182724253,0.22844508791958962
759.0,0.17,0.18524890918190884,1.260797342192691,0.2317443320868089
761.5,0.17,0.18791450833565013,1.2649501661129567,0.2350327270263954
469.0,0.25,0.25359694470302063,0.7790697674418605,-0.2496546768625416
471.5,0.25,0.252511297970535,0.7832225913621262,-0.24433834323530887
474.0,0.25,0.24869880395622165,0.7873754152823921,-0.23905012361374448
476.5,0.25,0.25032436791236795,0.7915282392026578,-0.23378972221456423
479.0,0.25,0.2442877119886304,0.7956810631229236,-0.22855684789790573
481.5,0.25,0.2460656529133882,0.7998338870431894,-0.2233512140706408
484.0,0.25,0.24238600576376876,0.8039867109634552,-0.21817253859218927
486.5,0.25,0.2421374367205025,0.8081395348837209,-0.2130205436827613
489.0,0.25,0.24219150779224832,0.8122923588039868,-0.20789495583394896
491.5,0.25,0.23905370721902747,0.8164451827242525,-0.2027955057215998
494.0,0.25,0.23870516509209716,0.8205980066445183,-0.19772192812089848
496.5,0.25,0.2402082248810701,0.824750830564784,-0.19267396182359375
499.0,0.25,0.23578454683280442,0.8289036544850499,-0.1876513495573023
501.5,0.25,0.23737344684763537,0.8330564784053156,-0.18265383790683082
504.0,0.25,0.2322271392495092,0.8372093023255814,-0.17768117723745236
506.5,0.25,0.2343511323903694,0.8413621262458472,-0.17273312162008297
509.0,0.25,0.23499984035674545,0.845514950166113,-0.16780942875829824
511.5,0.25,0.22601853316945772,0.8496677740863787,-0.16290985991713988
514.0,0.25,0.22823282725622976,0.8538205980066446,-0.1580341798536559
516.5,0.25,0.22986497523432117,0.8579734219269103,-0.15318215674912783
519.0,0.25,0.22720811651390846,0.8621262458471761,-0.14835356214293235
521.5,0.25,0.2272787882215838,0.8662790697674418,-0.14354817086799393
524.0,0.25,0.22426948218261344,0.8704318936877077,-0.13876576098777882
526.5,0.25,0.2246100132447551,0.8745847176079734,-0.13400611373479088
529.0,0.25,0.22310304752917684,0.8787375415282392,-0.1292690134505216
531.5,0.25,0.22474548781245393,0.882890365448505,-0.12455424752681844
534.0,0.25,0.22193201044270539,0.8870431893687708,-0.11986160634862615
536.5,0.25,0.22112911633935028,0.8911960132890365,-0.11519088323806789
539.0,0.25,0.218678174065516,0.8953488372093024,-0.11054187439982384
541.5,0.25,0.2175917884273888,0.8995016611295681,-0.10591437886777576
544.0,0.25,0.21678379801035444,0.9036544850498339,-0.10130819845287838
546.5,0.25,0.21753636104426763,0.9078073089700996,-0.0967231376922278
549.0,0.25,0.21502045068667547,0.9119601328903655,-0.09215900379929037
551.5,0.25,0.2155731477710019,0.9161129568106312,-0.0876156066152639
554.0,0.25,0.2182915918732574,0.920265780730897,-0.0830927585615372
556.5,0.25,0.21504604722025572,0.9244186046511628,-0.07859027459322154
559.0,0.25,0.2118303782686339,0.9285714285714286,-0.07410797215372185
561.5,0.25,0.2140789084343937,0.9327242524916943,-0.06964567113032319
564.0,0.25,0.2100696236246046,0.9368770764119602,-0.0652031938107621
566.5,0.25,0.20603387136110823,0.9410299003322259,-0.06078036484076006
569.0,0.25,0.20733316281981806,0.9451827242524917,-0.05637701118249008
571.5,0.25,0.2048616550836859,0.9493355481727574,-0.05199296207395572
574.0,0.25,0.20716862623988455,0.9534883720930233,-0.04762804898925459
576.5,0.25,0.20719124011634832,0.957641196013289,-0.04328210559970735
579.0,0.25,0.209804191762226,0.9617940199335548,-0.03895496773582577
581.5,0.25,0.20641607969701514,0.9659468438538206,-0.03464647335010195
584.0,0.25,0.20464875872802532,0.9700996677740864,-0.030356462480593954
586.5,0.25,0.2060841683411317,0.9742524916943521,-0.026084777215290917
589.0,0.25,0.19935498453551947,0.978405315614618,-0.021831261657234306
591.5,0.25,0.2036137232957097,0.9825581395348837,-0.0175957618903796
594.0,0.25,0.20406264751267392,0.9867109634551495,-0.013378125946176087
596.5,0.25,0.19895519672010836,0.9908637873754153,-0.009178203770850267
599.0,0.25,0.20360420605771218,0.9950166112956811,-0.004995847193371666
601.5,0.25,0.2014107460168118,0.9991694352159468,-0.0008309098940875034
604.0,0.25,0.19933281109791132,1.0033222591362125,0.0033167526259938207
606.5,0.25,0.20087101708094204,1.0074750830564785,0.00744728307528386
609.0,0.25,0.2036011945353032,1.0116279069767442,0.011560822401076006
611.5,0.25,0.1988900443012713,1.01578073089701,0.01565750981840597
614.0,0.25,0.1985012639535173,1.0199335548172757,0.019737482838321337
616.5,0.25,0.19657648253535298,1.0240863787375416,0.023800877295578022
619.0,0.25,0.195297632249083,1.0282392026578073,0.027847827375775083
621.5,0.25,0.19817171086592178,1.032392026578073,0.03187846564194473
624.0,0.25,0.19432405982792908,1.0365448504983388,0.035892923060606534
626.5,0.25,0.19571588849928032,1.0406976744186047,0.039891329027302025
629.0,0.25,0.19416518212222272,1.0448504983388704,0.0438738113916195
631.5,0.25,0.19563728407019276,1.0490033222591362,0.047840496481724726
634.0,0.25,0.19491643819680246,1.053156146179402,0.05179150912840479
636.5,0.25,0.19590482311416174,1.0573089700996678,0.05572697268864024
639.0,0.25,0.1924010585704175,1.0614617940199336,0.05964700906871378
641.5,0.25,0.19248328946788965,1.0656146179401993,0.06355173874687003
644.0,0.25,0.19067794229396617,1.069767441860465,0.06744128079553248
646.5,0.25,0.19136968023303172,1.073920265780731,0.0713157529030912
649.0,0.25,0.19264591723811045,1.0780730897009967,0.07517527139526897
651.5,0.25,0.19304848286483448,1.0822259136212624,0.07901995125607873
654.0,0.25,0.18934339320462396,1.0863787375415281,0.08284990614837758
656.5,0.25,0.19259007324285832,1.090531561461794,0.0866652484340299
659.0,0.25,0.19323508598349168,1.0946843853820598,0.09046608919368619
661.5,0.25,0.19103333370793885,1.0988372093023255,0.09425253824618929
664.0,0.25,0.19365230884185625,1.1029900332225913,0.09802470416761272
666.5,0.25,0.1880528881446357,1.1071428571428572,0.10178269430994238
669.0,0.25,0.1868223002043373,1.111295681063123,0.10552661481940742
671.5,0.25,0.1854746050308713,1.1154485049833887,0.10925657065447118
674.0,0.25,0.19175376337995353,1.1196013289036544,0.1129726656034859
676.5,0.25,0.1898091304003355,1.1237541528239203,0.11667500230202174
679.0,0.25,0.18813695227928154,1.127906976744186,0.12036368224987509
681.5,0.25,0.18856468399750995,1.1320598006644518,0.12403880582776622
684.0,0.25,0.1855192020175603,1.1362126245847175,0.12770047231372933
686.5,0.25,0.19243583258035343,1.1403654485049834,0.13134877989920477
689.0,0.25,0.18758554275838413,1.1445182724252492,0.13498382570483752
691.5,0.25,0.18733719434849233,1.148671096345515,0.13860570579599182
694.0,0.25,0.18836968547554034,1.1528239202657806,0.14221451519798337
696.5,0.25,0.18768827294102655,1.1569767441860466,0.1458103479110394
699.0,0.25,0.18699039238181575,1.1611295681063123,0.14939329692498923
701.5,0.25,0.18478622683682816,1.165282392026578,0.15296345423369453
704.0,0.25,0.18714276049826037,1.169435215946844,0.15652091084922146
706.5,0.25,0.18980453359047839,1.1735880398671097,0.16006575681576113
709.0,0.25,0.18857991551108474,1.1777408637873754,0.16359808122330646
711.5,0.25,0.18893188778931652,1.1818936877076411,0.167117972221086
714.0,0.25,0.18458728992586473,1.186046511627907,0.17062551703076345
716.5,0.25,0.1835024063603826,1.1901993355481728,0.17412080195940555
719.0,0.25,0.18510954622491954,1.1943521594684385,0.17760391241222565
721.5,0.25,0.18535960565119694,1.1985049833887043,0.18107493290510449
724.0,0.25,0.18733102965471557,1.2026578073089702,0.1845339470768954
726.5,0.25,0.1816595874734173,1.206810631229236,0.18798103770151658
729.0,0.25,0.18801279205196358,1.2109634551495017,0.1914162866998371
731.5,0.25,0.1845540810346655,1.2151162790697674,0.19483977515135792
734.0,0.25,0.18393989794061608,1.2192691029900333,0.19825158330569462
736.5,0.25,0.1827001004036269,1.223421926910299,0.20165179059386396
739.0,0.25,0.18135225959389148,1.2275747508305648,0.20504047563938074
741.5,0.25,0.18625292235998336,1.2317275747508305,0.2084177162691657
744.0,0.25,0.18470470047581858,1.2358803986710964,0.2117835895242709
746.5,0.25,0.18193643266001497,1.2400332225913622,0.21513817167042407
749.0,0.25,0.18189122571268604,1.244186046511628,0.21848153820839844
751.5,0.25,0.18378151466961162,1.2483388704318936,0.2218137638842081
754.0,0.25,0.18776943389081002,1.2524916943521596,0.22513492269913513
756.5,0.25,0.18389705561640698,1.2566445182724253,0.22844508791958962
759.0,0.25,0.18140127613250007,1.260797342192691,0.2317443320868089
761.5,0.25,0.18391381218057729,1.2649501661129567,0.2350327270263954
469.0,0.5,0.23995049065310872,0.7790697674418605,-0.2496546768625416
471.5,0.5,0.2385732454672758,0.7832225913621262,-0.24433834323530887
474.0,0.5,0.23773752080674826,0.7873754152823921,-0.23905012361374448
476.5,0.5,0.23579318328559498,0.7915282392026578,-0.23378972221456423
479.0,0.5,0.23369554061167755,0.7956810631229236,-0.22855684789790573
481.5,0.5,0.23253023073968346,0.7998338870431894,-0.2233512140706408
484.0,0.5,0.23235937050481584,0.8039867109634552,-0.21817253859218927
486.5,0.5,0.23015852633701353,0.8081395348837209,-0.2130205436827613
489.0,0.5,0.22865948446802276,0.8122923588039868,-0.20789495583394896
491.5,0.5,0.22915687368525364,0.8164451827242525,-0.2027955057215998
494.0,0.5,0.2273116734612155,0.8205980066445183,-0.19772192812089848
496.5,0.5,0.22972575103605444,0.824750830564784,-0.19267396182359375
499.0,0.5,0.22033023462572113,0.8289036544850499,-0.1876513495573023
501.5,0.5,0.22674762307239035,0.8330564784053156,-0.18265383790683082
504.0,0.5,0.22600699904409902,0.8372093023255814,-0.17768117723745236
506.5,0.5,0.21833581407749447,0.8413621262458472,-0.17273312162008297
509.0,0.5,0.2207822983722338,0.845514950166113,-0.16780942875829824
511.5,0.5,0.2197269545481921,0.8496677740863787,-0.16290985991713988
514.0,0.5,0.2166738338165267,0.8538205980066446,-0.1580341798536559
516.5,0.5,0.21696888131942524,0.8579734219269103,-0.15318215674912783
519.0,0.5,0.21535543918200326,0.8621262458471761,-0.14835356214293235
521.5,0.5,0.22014941244404385,0.8662790697674418,-0.14354817086799393
524.0,0.5,0.21760050296094152,0.8704318936877077,-0.13876576098777882
526.5,0.5,0.21737231787711866,0.8745847176079734,-0.13400611373479088
529.0,0.5,0.21538819664471143,0.8787375415282392,-0.1292690134505216
531.5,0.5,0.21081777693024292,0.882890365448505,-0.12455424752681844
534.0,0.5,0.2111730541491212,0.8870431893687708,-0.11986160634862615
536.5,0.5,0.21236205064039188,0.8911960132890365,-0.11519088323806789
539.0,0.5,0.2081150549186616,0.8953488372093024,-0.11054187439982384
541.5,0.5,0.2111759312677314,0.8995016611295681,-0.10591437886777576
544.0,0.5,0.2084743380559013,0.9036544850498339,-0.10130819845287838
546.5,0.5,0.20742465096626725,0.9078073089700996,-0.0967231376922278
549.0,0.5,0.20882958716986488,0.9119601328903655,-0.09215900379929037
551.5,0.5,0.20754346393900555,0.9161129568106312,-0.0876156066152639
554.0,0.5,0.2051939978160827,0.920265780730897,-0.0830927585615372
556.5,0.5,0.20750913540854152,0.9244186046511628,-0.07859027459322154
559.0,0.5,0.20231628039601438,0.9285714285714286,-0.07410797215372185
561.5,0.5,0.2050114305286043,0.9327242524916943,-0.06964567113032319
564.0,0.5,0.20427997312050034,0.9368770764119602,-0.0652031938107621
566.5,0.5,0.20180178859665235,0.9410299003322259,-0.06078036484076006
569.0,0.5,0.20241300101819198,0.9451827242524917,-0.05637701118249008
571.5,0.5,0.19861094943746402,0.9493355481727574,-0.05199296207395572
574.0,0.5,0.20232610824959107,0.9534883720930233,-0.04762804898925459
576.5,0.5,0.1994854137993951,0.957641196013289,-0.04328210559970735
579.0,0.5,0.19819907467227363,0.9617940199335548,-0.03895496773582577
581.5,0.5,0.20074383538537957,0.9659468438538206,-0.03464647335010195
584.0,0.5,0.19665027636816726,0.9700996677740864,-0.030356462480593954
586.5,0.5,0.19466689775705234,0.9742524916943521,-0.026084777215290917
589.0,0.5,0.19380698971076168,0.978405315614618,-0.021831261657234306
591.5,0.5,0.19758013019086376,0.9825581395348837,-0.0175957618903796
594.0,0.5,0.1932664138035435,0.9867109634551495,-0.013378125946176087
596.5,0.5,0.19880719056480597,0.9908637873754153,-0.009178203770850267
599.0,0.5,0.19061511000782044,0.9950166112956811,-0.004995847193371666
601.5,0.5,0.197664156511612,0.9991694352159468,-0.0008309098940875034
604.0,0.5,0.1941963352915367,1.0033222591362125,0.0033167526259938207
606.5,0.5,0.1930945875166188,1.0074750830564785,0.00744728307528386
609.0,0.5,0.1917224227556613,1.0116279069767442,0.011560822401076006
611.5,0.5,0.19314519295759122,1.01578073089701,0.01565750981840597
614.0,0.5,0.19181660430685307,1.0199335548172757,0.019737482838321337
616.5,0.5,0.19365360594961695,1.0240863787375416,0.023800877295578022
619.0,0.5,0.1912406454595723,1.0282392026578073,0.027847827375775083
621.5,0.5,0.1908879268494084,1.032392026578073,0.03187846564194473
624.0,0.5,0.18944506458160756,1.0365448504983388,0.035892923060606534
626.5,0.5,0.18965308489468982,1.0406976744186047,0.039891329027302025
629.0,0.5,0.18998687879845375,1.0448504983388704,0.0438738113916195
631.5,0.5,0.1855647416586879,1.0490033222591362,0.047840496481724726
634.0,0.5,0.18591190845912614,1.053156146179402,0.05179150912840479
636.5,0.5,0.1897273011397842,1.0573089700996678,0.05572697268864024
639.0,0.5,0.18822418685393522,1.0614617940199336,0.05964700906871378
641.5,0.5,0.18716525974647005,1.0656146179401993,0.06355173874687003
644.0,0.5,0.1872298516045899,1.069767441860465,0.06744128079553248
646.5,0.5,0.18755679220790933,1.073920265780731,0.0713157529030912
649.0,0.5,0.18545954447154428,1.0780730897009967,0.07517527139526897
651.5,0.5,0.18466858298077954,1.0822259136212624,0.07901995125607873
654.0,0.5,0.1863116100219564,1.0863787375415281,0.08284990614837758
656.5,0.5,0.1836664057391063,1.090531561461794,0.0866652484340299
659.0,0.5,0.18615130079539802,1.0946843853820598,0.09046608919368619
661.5,0.5,0.18164959303800296,1.0988372093023255,0.09425253824618929
664.0,0.5,0.18684126746209007,1.1029900332225913,0.09802470416761272
666.5,0.5,0.1854644892960346,1.1071428571428572,0.10178269430994238
669.0,0.5,0.18477574656901866,1.111295681063123,0.10552661481940742
671.5,0.5,0.18598143006359988,1.1154485049833887,0.10925657065447118
674.0,0.5,0.18710724096521347,1.1196013289036544,0.1129726656034859
676.5,0.5,0.18557307507037513,1.1237541528239203,0.11667500230202174
679.0,0.5,0.17963834524355934,1.127906976744186,0.12036368224987509
681.5,0.5,0.18054433256043076,1.1320598006644518,0.12403880582776622
684.0,0.5,0.18164479535136716,1.1362126245847175,0.12770047231372933
686.5,0.5,0.18274503411419252,1.1403654485049834,0.13134877989920477
689.0,0.5,0.1835339843729873,1.1445182724252492,0.13498382570483752
691.5,0.5,0.180860310183404,1.148671096345515,0.13860570579599182
694.0,0.5,0.18250570333805125,1.1528239202657806,0.14221451519798337
696.5,0.5,0.1804489408256072,1.1569767441860466,0.1458103479110394
699.0,0.5,0.18057129818911477,1.1611295681063123,0.14939329692498923
701.5,0.5,0.17882265523730265,1.165282392026578,0.15296345423369453
704.0,0.5,0.1796380983636374,1.169435215946844,0.15652091084922146
706.5,0.5,0.17863665505137294,1.1735880398671097,0.16006575681576113
709.0,0.5,0.1792505382583723,1.1777408637873754,0.16359808122330646
711.5,0.5,0.18317855997285606,1.1818936877076411,0.167117972221086
714.0,0.5,0.1790481322406732,1.186046511627907,0.17062551703076345
716.5,0.5,0.18609394159697787,1.1901993355481728,0.17412080195940555
719.0,0.5,0.18170458717846844,1.1943521594684385,0.17760391241222565
721.5,0.5,0.1809828574938378,1.1985049833887043,0.18107493290510449
724.0,0.5,0.1787980978525028,1.2026578073089702,0.1845339470768954
726.5,0.5,0.1818233907945075,1.206810631229236,0.18798103770151658
729.0,0.5,0.1791857184327709,1.2109634551495017,0.1914162866998371
731.5,0.5,0.18050143895918647,1.2151162790697674,0.19483977515135792
734.0,0.5,0.18530415340024314,1.2192691029900333,0.19825158330569462
736.5,0.5,0.17992450759490639,1.223421926910299,0.20165179059386396
739.0,0.5,0.18235383428383625,1.2275747508305648,0.20504047563938074
741.5,0.5,0.1785935520236856,1.2317275747508305,0.2084177162691657
744.0,0.5,0.1798804427195296,1.2358803986710964,0.2117835895242709
746.5,0.5,0.18344837468786201,1.2400332225913622,0.21513817167042407
749.0,0.5,0.178614973928525,1.244186046511628,0.21848153820839844
751.5,0.5,0.18346166342657672,1.2483388704318936,0.2218137638842081
754.0,0.5,0.18122579550942342,1.2524916943521596,0.22513492269913513
756.5,0.5,0.17866449458308514,1.2566445182724253,0.22844508791958962
759.0,0.5,0.18103893605902585,1.260797342192691,0.2317443320868089
761.5,0.5,0.18170942332134057,1.2649501661129567,0.2350327270263954
469.0,0.75,0.23192202689566557,0.7790697674418605,-0.2496546768625416
471.5,0.75,0.23029277734318793,0.7832225913621262,-0.24433834323530887
474.0,0.75,0.22842599614695186,0.7873754152823921,-0.23905012361374448
476.5,0.75,0.22626798686536,0.7915282392026578,-0.23378972221456423
479.0,0.75,0.22200480673590708,0.7956810631229236,-0.22855684789790573
481.5,0.75,0.2251218566211722,0.7998338870431894,-0.2233512140706408
484.0,0.75,0.22363112612880187,0.8039867109634552,-0.21817253859218927
486.5,0.75,0.22272904009205574,0.8081395348837209,-0.2130205436827613
489.0,0.75,0.21861928439525868,0.8122923588039868,-0.20789495583394896
491.5,0.75,0.21801410561359758,0.8164451827242525,-0.2027955057215998
494.0,0.75,0.22130227420296966,0.8205980066445183,-0.19772192812089848
496.5,0.75,0.21815269927341283,0.824750830564784,-0.19267396182359375
499.0,0.75,0.21864652587572478,0.8289036544850499,-0.1876513495573023
501.5,0.75,0.21640753629723847,0.8330564784053156,-0.18265383790683082
504.0,0.75,0.21549323713403368,0.8372093023255814,-0.17768117723745236
506.5,0.75,0.2164083617558968,0.8413621262458472,-0.17273312162008297
509.0,0.75,0.2126128152590879,0.845514950166113,-0.16780942875829824
511.5,0.75,0.21296509892088675,0.8496677740863787,-0.16290985991713988
514.0,0.75,0.2109909057359705,0.8538205980066446,-0.1580341798536559
516.5,0.75,0.21020351665888407,0.8579734219269103,-0.15318215674912783
519.0,0.75,0.20962548235264747,0.8621262458471761,-0.14835356214293235
521.5,0.75,0.20987349034813751,0.8662790697674418,-0.14354817086799393
524.0,0.75,0.20767101765469684,0.8704318936877077,-0.13876576098777882
526.5,0.75,0.2103530353667313,0.8745847176079734,-0.13400611373479088
529.0,0.75,0.20527885609314783,0.8787375415282392,-0.1292690134505216
531.5,0.75,0.20593424053626455,0.882890365448505,-0.12455424752681844
534.0,0.75,0.20468162943973245,0.8870431893687708,-0.11986160634862615
536.5,0.75,0.20772118154037833,0.8911960132890365,-0.11519088323806789
539.0,0.75,0.20449933066376302,0.8953488372093024,-0.11054187439982384
541.5,0.75,0.20546160399651625,0.8995016611295681,-0.10591437886777576
544.0,0.75,0.19973102643885957,0.9036544850498339,-0.10130819845287838
546.5,0.75,0.20255286103186135,0.9078073089700996,-0.0967231376922278
549.0,0.75,0.2031268615835412,0.9119601328903655,-0.09215900379929037
551.5,0.75,0.2008530812595245,0.9161129568106312,-0.0876156066152639
554.0,0.75,0.20217231117600346,0.920265780730897,-0.0830927585615372
556.5,0.75,0.1983713869777199,0.9244186046511628,-0.07859027459322154
559.0,0.75,0.20160090331185232,0.9285714285714286,-0.07410797215372185
561.5,0.75,0.2027677374249631,0.9327242524916943,-0.06964567113032319
564.0,0.75,0.19684334433824027,0.9368770764119602,-0.0652031938107621
566.5,0.75,0.19608830578221348,0.9410299003322259,-0.06078036484076006
569.0,0.75,0.19930744194251537,0.9451827242524917,-0.05637701118249008
571.5,0.75,0.1989921180744342,0.9493355481727574,-0.05199296207395572
574.0,0.75,0.19423036106870406,0.9534883720930233,-0.04762804898925459
576.5,0.75,0.19388949132761982,0.957641196013289,-0.04328210559970735
579.0,0.75,0.19363062803516132,0.9617940199335548,-0.03895496773582577
581.5,0.75,0.19098005088925768,0.9659468438538206,-0.03464647335010195
584.0,0.75,0.19131670088327649,0.9700996677740864,-0.030356462480593954
586.5,0.75,0.1906409520405066,0.9742524916943521,-0.026084777215290917
589.0,0.75,0.1906189227521775,0.978405315614618,-0.021831261657234306
591.5,0.75,0.19160036932069055,0.9825581395348837,-0.0175957618903796
594.0,0.75,0.19166320985448884,0.9867109634551495,-0.013378125946176087
596.5,0.75,0.1938305276746389,0.9908637873754153,-0.009178203770850267
599.0,0.75,0.18827715655342395,0.9950166112956811,-0.004995847193371666
601.5,0.75,0.19179632734859864,0.9991694352159468,-0.0008309098940875034
604.0,0.75,0.18896289272799463,1.0033222591362125,0.0033167526259938207
606.5,0.75,0.1888643924092877,1.0074750830564785,0.00744728307528386
609.0,0.75,0.1898945629639209,1.0116279069767442,0.011560822401076006
611.5,0.75,0.18589013358080628,1.01578073089701,0.01565750981840597
614.0,0.75,0.18849999654292288,1.0199335548172757,0.019737482838321337
616.5,0.75,0.18767652447131536,1.0240863787375416,0.023800877295578022
619.0,0.75,0.1879457084395555,1.0282392026578073,0.027847827375775083
621.5,0.75,0.18716497263537607,1.032392026578073,0.03187846564194473
624.0,0.75,0.19113161079613988,1.0365448504983388,0.035892923060606534
626.5,0.75,0.1845883550034099,1.0406976744186047,0.039891329027302025
629.0,0.75,0.18445301973415487,1.0448504983388704,0.0438738113916195
631.5,0.75,0.18392817176125376,1.0490033222591362,0.047840496481724726
634.0,0.75,0.18373110585174993,1.053156146179402,0.05179150912840479
636.5,0.75,0.18324297012960286,1.0573089700996678,0.05572697268864024
639.0,0.75,0.1865794489517984,1.0614617940199336,0.05964700906871378
641.5,0.75,0.18673399455362608,1.0656146179401993,0.06355173874687003
644.0,0.75,0.18245087498882717,1.069767441860465,0.06744128079553248
646.5,0.75,0.18163476320226246,1.073920265780731,0.0713157529030912
649.0,0.75,0.1839570525835614,1.0780730897009967,0.07517527139526897
651.5,0.75,0.18163207912465654,1.0822259136212624,0.07901995125607873
654.0,0.75,0.18373216663424455,1.0863787375415281,0.08284990614837758
656.5,0.75,0.18260931942526415,1.090531561461794,0.0866652484340299
659.0,0.75,0.17891646780782094,1.0946843853820598,0.09046608919368619
661.5,0.75,0.18479468212918224,1.0988372093023255,0.09425253824618929
664.0,0.75,0.18505029763723277,1.1029900332225913,0.09802470416761272
666.5,0.75,0.17999891324989725,1.1071428571428572,0.10178269430994238
669.0,0.75,0.1802220375659163,1.111295681063123,0.10552661481940742
671.5,0.75,0.18134904819988462,1.1154485049833887,0.10925657065447118
674.0,0.75,0.1812329603771246,1.1196013289036544,0.1129726656034859
676.5,0.75,0.18167464432457464,1.1237541528239203,0.11667500230202174
679.0,0.75,0.1841781813720125,1.127906976744186,0.12036368224987509
681.5,0.75,0.1796107307741365,1.1320598006644518,0.12403880582776622
684.0,0.75,0.17818144992093793,1.1362126245847175,0.12770047231372933
686.5,0.75,0.17683932213313358,1.1403654485049834,0.13134877989920477
689.0,0.75,0.17796244534869485,1.1445182724252492,0.13498382570483752
691.5,0.75,0.17919075753966143,1.148671096345515,0.13860570579599182
694.0,0.75,0.18268512792440014,1.1528239202657806,0.14221451519798337
696.5,0.75,0.17790601927036342,1.1569767441860466,0.1458103479110394
699.0,0.75,0.17924021155816489,1.1611295681063123,0.14939329692498923
701.5,0.75,0.17861728375937802,1.165282392026578,0.15296345423369453
704.0,0.75,0.18089044692511996,1.169435215946844,0.15652091084922146
706.5,0.75,0.18343703061848146,1.1735880398671097,0.16006575681576113
709.0,0.75,0.1771968466018759,1.1777408637873754,0.16359808122330646
711.5,0.75,0.1771609758530087,1.1818936877076411,0.167117972221086
714.0,0.75,0.18011523928248507,1.186046511627907,0.17062551703076345
716.5,0.75,0.1792834962500317,1.1901993355481728,0.17412080195940555
719.0,0.75,0.1815115981185114,1.1943521594684385,0.17760391241222565
721.5,0.75,0.1788901267272551,1.1985049833887043,0.18107493290510449
724.0,0.75,0.17691333272360943,1.2026578073089702,0.1845339470768954
726.5,0.75,0.17872837645479206,1.206810631229236,0.18798103770151658
729.0,0.75,0.17968507156687122,1.2109634551495017,0.1914162866998371
731.5,0.75,0.17903461918180294,1.2151162790697674,0.19483977515135792
734.0,0.75,0.1783395318562619,1.2192691029900333,0.19825158330569462
736.5,0.75,0.1793949471400322,1.223421926910299,0.20165179059386396
739.0,0.75,0.17954203499334362,1.2275747508305648,0.20504047563938074
741.5,0.75,0.17991478767481878,1.2317275747508305,0.2084177162691657
744.0,0.75,0.1784000435621557,1.2358803986710964,0.2117835895242709
746.5,0.75,0.17672561895136343,1.2400332225913622,0.21513817167042407
749.0,0.75,0.17731554067954855,1.244186046511628,0.21848153820839844
751.5,0.75,0.17940236655555697,1.2483388704318936,0.2218137638842081
754.0,0.75,0.17532764057251612,1.2524916943521596,0.22513492269913513
756.5,0.75,0.17767590124954835,1.2566445182724253,0.22844508791958962
759.0,0.75,0.17613375118454797,1.260797342192691,0.2317443320868089
761.5,0.75,0.17696457670400995,1.2649501661129567,0.2350327270263954
469.0,1.0,0.22191574343829262,0.7790697674418605,-0.2496546768625416
471.5,1.0,0.2216609129543392,0.7832225913621262,-0.24433834323530887
474.0,1.0,0.2213312703930349,0.7873754152823921,-0.23905012361374448
476.5,1.0,0.21951714958765814,0.7915282392026578,-0.23378972221456423
479.0,1.0,0.21729514313361303,0.7956810631229236,-0.22855684789790573
481.5,1.0,0.21763567701580622,0.7998338870431894,-0.2233512140706408
484.0,1.0,0.2184694413783265,0.8039867109634552,-0.21817253859218927
486.5,1.0,0.21335881269815649,0.8081395348837209,-0.2130205436827613
489.0,1.0,0.2147822267874965,0.8122923588039868,-0.20789495583394896
491.5,1.0,0.21223506650999668,0.8164451827242525,-0.2027955057215998
494.0,1.0,0.21515880008919644,0.8205980066445183,-0.19772192812089848
496.5,1.0,0.20886991465364663,0.824750830564784,-0.19267396182359375
499.0,1.0,0.20996001772944423,0.8289036544850499,-0.1876513495573023
501.5,1.0,0.21100766121499878,0.8330564784053156,-0.18265383790683082
504.0,1.0,0.21257327968404843,0.8372093023255814,-0.17768117723745236
506.5,1.0,0.20851316164000774,0.8413621262458472,-0.17273312162008297
509.0,1.0,0.2067499514232774,0.845514950166113,-0.16780942875829824
511.5,1.0,0.21085143518767582,0.8496677740863787,-0.16290985991713988
514.0,1.0,0.2034347735683868,0.8538205980066446,-0.1580341798536559
516.5,1.0,0.20118760996147877,0.8579734219269103,-0.15318215674912783
519.0,1.0,0.20573224478510066,0.8621262458471761,-0.14835356214293235
521.5,1.0,0.20312751109240804,0.8662790697674418,-0.14354817086799393
524.0,1.0,0.2013808061112907,0.8704318936877077,-0.13876576098777882
526.5,1.0,0.2041437269983707,0.8745847176079734,-0.13400611373479088
529.0,1.0,0.20253029229483574,0.8787375415282392,-0.1292690134505216
531.5,1.0,0.2002419916167454,0.882890365448505,-0.12455424752681844
534.0,1.0,0.19814862871782,0.8870431893687708,-0.11986160634862615
536.5,1.0,0.20180472329709984,0.8911960132890365,-0.11519088323806789
539.0,1.0,0.2007221189051076,0.8953488372093024,-0.11054187439982384
541.5,1.0,0.19859646619071608,0.8995016611295681,-0.10591437886777576
544.0,1.0,0.2018722457505208,0.9036544850498339,-0.10130819845287838
546.5,1.0,0.195433869833453,0.9078073089700996,-0.0967231376922278
549.0,1.0,0.193928833935294,0.9119601328903655,-0.09215900379929037
551.5,1.0,0.19501255608164844,0.9161129568106312,-0.0876156066152639
554.0,1.0,0.19573219904589473,0.920265780730897,-0.0830927585615372
556.5,1.0,0.19574742973375947,0.9244186046511628,-0.07859027459322154
559.0,1.0,0.19422591142620518,0.9285714285714286,-0.07410797215372185
561.5,1.0,0.19487025406654648,0.9327242524916943,-0.06964567113032319
564.0,1.0,0.19113082723946384,0.9368770764119602,-0.0652031938107621
566.5,1.0,0.19599907919527548,0.9410299003322259,-0.06078036484076006
569.0,1.0,0.19243465252291858,0.9451827242524917,-0.05637701118249008
571.5,1.0,0.1943305942058905,0.9493355481727574,-0.05199296207395572
574.0,1.0,0.19228802727846325,0.9534883720930233,-0.04762804898925459
576.5,1.0,0.19203206885338886,0.957641196013289,-0.04328210559970735
579.0,1.0,0.1917833817598253,0.9617940199335548,-0.03895496773582577
581.5,1.0,0.19107373695532776,0.9659468438538206,-0.03464647335010195
584.0,1.0,0.19100731643445779,0.9700996677740864,-0.030356462480593954
586.5,1.0,0.19193269775250274,0.9742524916943521,-0.026084777215290917
589.0,1.0,0.18922882139296365,0.978405315614618,-0.021831261657234306
591.5,1.0,0.18982393299984063,0.9825581395348837,-0.0175957618903796
594.0,1.0,0.18780525765301656,0.9867109634551495,-0.013378125946176087
596.5,1.0,0.19045232275186796,0.9908637873754153,-0.009178203770850267
599.0,1.0,0.18581511882706442,0.9950166112956811,-0.004995847193371666
601.5,1.0,0.19037395683002786,0.9991694352159468,-0.0008309098940875034
604.0,1.0,0.18630419306677415,1.0033222591362125,0.0033167526259938207
606.5,1.0,0.1831435567156707,1.0074750830564785,0.00744728307528386
609.0,1.0,0.18588998452952366,1.0116279069767442,0.011560822401076006
611.5,1.0,0.18390831924953804,1.01578073089701,0.01565750981840597
614.0,1.0,0.18659624322119048,1.0199335548172757,0.019737482838321337
616.5,1.0,0.18326203835352178,1.0240863787375416,0.023800877295578022
619.0,1.0,0.18333495750427767,1.0282392026578073,0.027847827375775083
621.5,1.0,0.18011590135622985,1.032392026578073,0.03187846564194473
624.0,1.0,0.1826655627916926,1.0365448504983388,0.035892923060606534
626.5,1.0,0.17840505856360922,1.0406976744186047,0.039891329027302025
629.0,1.0,0.17977501875321378,1.0448504983388704,0.0438738113916195
631.5,1.0,0.184160943704986,1.0490033222591362,0.047840496481724726
634.0,1.0,0.18391620609367001,1.053156146179402,0.05179150912840479
636.5,1.0,0.1829071334054915,1.0573089700996678,0.05572697268864024
639.0,1.0,0.17984092048236755,1.0614617940199336,0.05964700906871378
641.5,1.0,0.18140506849222726,1.0656146179401993,0.06355173874687003
644.0,1.0,0.18122579156882032,1.069767441860465,0.06744128079553248
646.5,1.0,0.1786555838455717,1.073920265780731,0.0713157529030912
649.0,1.0,0.1837251627186472,1.0780730897009967,0.07517527139526897
651.5,1.0,0.1822258061150595,1.0822259136212624,0.07901995125607873
654.0,1.0,0.17978845836203075,1.0863787375415281,0.08284990614837758
656.5,1.0,0.18004998154827911,1.090531561461794,0.0866652484340299
659.0,1.0,0.18018524584085444,1.0946843853820598,0.09046608919368619
661.5,1.0,0.17546365821080723,1.0988372093023255,0.09425253824618929
664.0,1.0,0.1788377293956332,1.1029900332225913,0.09802470416761272
666.5,1.0,0.1777593124226161,1.1071428571428572,0.10178269430994238
669.0,1.0,0.17691741117286827,1.111295681063123,0.10552661481940742
671.5,1.0,0.17816192826943617,1.1154485049833887,0.10925657065447118
674.0,1.0,0.1821290217184817,1.1196013289036544,0.1129726656034859
676.5,1.0,0.17963083197378896,1.1237541528239203,0.11667500230202174
679.0,1.0,0.17702820012180798,1.127906976744186,0.12036368224987509
681.5,1.0,0.17914298710728727,1.1320598006644518,0.12403880582776622
684.0,1.0,0.18062958561225093,1.1362126245847175,0.12770047231372933
686.5,1.0,0.17951892402408648,1.1403654485049834,0.13134877989920477
689.0,1.0,0.17763336781713449,1.1445182724252492,0.13498382570483752
691.5,1.0,0.1760702930046436,1.148671096345515,0.13860570579599182
694.0,1.0,0.17861622307351266,1.1528239202657806,0.14221451519798337
696.5,1.0,0.1778678496098539,1.1569767441860466,0.1458103479110394
699.0,1.0,0.17873780303225117,1.1611295681063123,0.14939329692498923
701.5,1.0,0.17808967690201458,1.165282392026578,0.15296345423369453
704.0,1.0,0.17879567870880173,1.169435215946844,0.15652091084922146
706.5,1.0,0.1755086111427437,1.1735880398671097,0.16006575681576113
709.0,1.0,0.17910159203208956,1.1777408637873754,0.16359808122330646
711.5,1.0,0.1767548859242226,1.1818936877076411,0.167117972221086
714.0,1.0,0.18040819886673684,1.186046511627907,0.17062551703076345
716.5,1.0,0.17478234726915462,1.1901993355481728,0.17412080195940555
719.0,1.0,0.17954070011771076,1.1943521594684385,0.17760391241222565
721.5,1.0,0.17637759660162156,1.1985049833887043,0.18107493290510449
724.0,1.0,0.17459684420302596,1.2026578073089702,0.1845339470768954
726.5,1.0,0.17485466673484718,1.206810631229236,0.18798103770151658
729.0,1.0,0.17510930598144842,1.2109634551495017,0.1914162866998371
731.5,1.0,0.17653065028327244,1.2151162790697674,0.19483977515135792
734.0,1.0,0.1766650149535971,1.2192691029900333,0.19825158330569462
736.5,1.0,0.1744136301396619,1.223421926910299,0.20165179059386396
739.0,1.0,0.17545862108728882,1.2275747508305648,0.20504047563938074
741.5,1.0,0.17974273901272927,1.2317275747508305,0.2084177162691657
744.0,1.0,0.17886867506910134,1.2358803986710964,0.2117835895242709
746.5,1.0,0.17624610397814264,1.2400332225913622,0.21513817167042407
749.0,1.0,0.1754137645964194,1.244186046511628,0.21848153820839844
751.5,1.0,0.17554651054091036,1.2483388704318936,0.2218137638842081
754.0,1.0,0.1765065200128245,1.2524916943521596,0.22513492269913513
756.5,1.0,0.17321123825945992,1.2566445182724253,0.22844508791958962
759.0,1.0,0.17472367050608242,1.260797342192691,0.2317443320868089
761.5,1.0,0.17188707472697803,1.2649501661129567,0.2350327270263954
469.0,1.5,0.21180402178143612,0.7790697674418605,-0.2496546768625416
471.5,1.5,0.21072185985978073,0.7832225913621262,-0.24433834323530887
474.0,1.5,0.21203355045543323,0.7873754152823921,-0.23905012361374448
476.5,1.5,0.21078284980868156,0.7915282392026578,-0.23378972221456423
479.0,1.5,0.20555007088070426,0.7956810631229236,-0.22855684789790573
481.5,1.5,0.21089308830374742,0.7998338870431894,-0.2233512140706408
484.0,1.5,0.209949670783863,0.8039867109634552,-0.21817253859218927
486.5,1.5,0.20520000112677136,0.8081395348837209,-0.2130205436827613
489.0,1.5,0.20651636301059972,0.8122923588039868,-0.20789495583394896
491.5,1.5,0.20599827265311965,0.8164451827242525,-0.2027955057215998
494.0,1.5,0.2048286819543739,0.8205980066445183,-0.19772192812089848
496.5,1.5,0.20251535379893507,0.824750830564784,-0.19267396182359375
499.0,1.5,0.2015926991231406,0.8289036544850499,-0.1876513495573023
501.5,1.5,0.20221601879320927,0.8330564784053156,-0.18265383790683082
504.0,1.5,0.20395481529730633,0.8372093023255814,-0.17768117723745236
506.5,1.5,0.20204968967238568,0.8413621262458472,-0.17273312162008297
509.0,1.5,0.19958514967037225,0.845514950166113,-0.16780942875829824
511.5,1.5,0.20124427917746232,0.8496677740863787,-0.16290985991713988
514.0,1.5,0.19338877441328572,0.8538205980066446,-0.1580341798536559
516.5,1.5,0.20077870584742039,0.8579734219269103,-0.15318215674912783
519.0,1.5,0.1944072633312238,0.8621262458471761,-0.14835356214293235
521.5,1.5,0.19657739414356357,0.8662790697674418,-0.14354817086799393
524.0,1.5,0.19448845935634093,0.8704318936877077,-0.13876576098777882
526.5,1.5,0.19357376877438706,0.8745847176079734,-0.13400611373479088
529.0,1.5,0.19792980096825236,0.8787375415282392,-0.1292690134505216
531.5,1.5,0.194127319474412,0.882890365448505,-0.12455424752681844
534.0,1.5,0.19521974072650497,0.8870431893687708,-0.11986160634862615
536.5,1.5,0.19390621929573648,0.8911960132890365,-0.11519088323806789
539.0,1.5,0.1944366677785019,0.8953488372093024,-0.11054187439982384
541.5,1.5,0.1931278374655516,0.8995016611295681,-0.10591437886777576
544.0,1.5,0.1899087842853492,0.9036544850498339,-0.10130819845287838
546.5,1.5,0.19397673237068513,0.9078073089700996,-0.0967231376922278
549.0,1.5,0.19051485978519264,0.9119601328903655,-0.09215900379929037
551.5,1.5,0.1879160186497357,0.9161129568106312,-0.0876156066152639
554.0,1.5,0.1897082896950222,0.920265780730897,-0.0830927585615372
556.5,1.5,0.19310979975040843,0.9244186046511628,-0.07859027459322154
559.0,1.5,0.19136080257099713,0.9285714285714286,-0.07410797215372185
561.5,1.5,0.1885233503260865,0.9327242524916943,-0.06964567113032319
564.0,1.5,0.1880905507193267,0.9368770764119602,-0.0652031938107621
566.5,1.5,0.1877222245955669,0.9410299003322259,-0.06078036484076006
569.0,1.5,0.19210333883081143,0.9451827242524917,-0.05637701118249008
571.5,1.5,0.18830588560453185,0.9493355481727574,-0.05199296207395572
574.0,1.5,0.18800199906338586,0.9534883720930233,-0.04762804898925459
576.5,1.5,0.18881001999839941,0.957641196013289,-0.04328210559970735
579.0,1.5,0.1868421134317627,0.9617940199335548,-0.03895496773582577
581.5,1.5,0.1854689873994181,0.9659468438538206,-0.03464647335010195
584.0,1.5,0.18522427435156294,0.9700996677740864,-0.030356462480593954
586.5,1.5,0.18511095224740948,0.9742524916943521,-0.026084777215290917
589.0,1.5,0.18482408326757382,0.978405315614618,-0.021831261657234306
591.5,1.5,0.18600526725854663,0.9825581395348837,-0.0175957618903796
594.0,1.5,0.18431240430232718,0.9867109634551495,-0.013378125946176087
596.5,1.5,0.18533923869581828,0.9908637873754153,-0.009178203770850267
599.0,1.5,0.18338483199220246,0.9950166112956811,-0.004995847193371666
601.5,1.5,0.1833826228973565,0.9991694352159468,-0.0008309098940875034
604.0,1.5,0.1789147405995979,1.0033222591362125,0.0033167526259938207
606.5,1.5,0.18443621135160165,1.0074750830564785,0.00744728307528386
609.0,1.5,0.1829954952013343,1.0116279069767442,0.011560822401076006
611.5,1.5,0.18400397367998123,1.01578073089701,0.01565750981840597
614.0,1.5,0.17592727672450056,1.0199335548172757,0.019737482838321337
616.5,1.5,0.18561469664447455,1.0240863787375416,0.023800877295578022
619.0,1.5,0.18088318144696974,1.0282392026578073,0.027847827375775083
621.5,1.5,0.18310932253874931,1.032392026578073,0.03187846564194473
624.0,1.5,0.178549854025586,1.0365448504983388,0.035892923060606534
626.5,1.5,0.18159796647741014,1.0406976744186047,0.039891329027302025
629.0,1.5,0.17801431616507654,1.0448504983388704,0.0438738113916195
631.5,1.5,0.17862824682065692,1.0490033222591362,0.047840496481724726
634.0,1.5,0.18346432766555196,1.053156146179402,0.05179150912840479
636.5,1.5,0.17902115800797203,1.0573089700996678,0.05572697268864024
639.0,1.5,0.1796093598299187,1.0614617940199336,0.05964700906871378
641.5,1.5,0.1806922509274981,1.0656146179401993,0.06355173874687003
644.0,1.5,0.1797266883031855,1.069767441860465,0.06744128079553248
646.5,1.5,0.17882489751581684,1.073920265780731,0.0713157529030912
649.0,1.5,0.17904818229802616,1.0780730897009967,0.07517527139526897
651.5,1.5,0.18292469759126184,1.0822259136212624,0.07901995125607873
654.0,1.5,0.17780758144970002,1.0863787375415281,0.08284990614837758
656.5,1.5,0.1781352580208033,1.090531561461794,0.0866652484340299
659.0,1.5,0.1796498404252779,1.0946843853820598,0.09046608919368619
661.5,1.5,0.17958022937177373,1.0988372093023255,0.09425253824618929
664.0,1.5,0.1795690022701832,1.1029900332225913,0.09802470416761272
666.5,1.5,0.17830322940730903,1.1071428571428572,0.10178269430994238
669.0,1.5,0.17457559520705962,1.111295681063123,0.10552661481940742
671.5,1.5,0.17996925927680982,1.1154485049833887,0.10925657065447118
674.0,1.5,0.17425539878061275,1.1196013289036544,0.1129726656034859
676.5,1.5,0.1770039037976794,1.1237541528239203,0.11667500230202174
679.0,1.5,0.17474542288044398,1.127906976744186,0.12036368224987509
681.5,1.5,0.17598578716368618,1.1320598006644518,0.12403880582776622
684.0,1.5,0.1766363753398288,1.1362126245847175,0.12770047231372933
686.5,1.5,0.17649099948270078,1.1403654485049834,0.13134877989920477
689.0,1.5,0.1765661600979241,1.1445182724252492,0.13498382570483752
691.5,1.5,0.17882832544509783,1.148671096345515,0.13860570579599182
694.0,1.5,0.17639105901174507,1.1528239202657806,0.14221451519798337
696.5,1.5,0.17488322084774266,1.1569767441860466,0.1458103479110394
699.0,1.5,0.17719166200535177,1.1611295681063123,0.14939329692498923
701.5,1.5,0.17753874627038924,1.165282392026578,0.15296345423369453
704.0,1.5,0.17260522618168309,1.169435215946844,0.15652091084922146
706.5,1.5,0.17616015276949293,1.1735880398671097,0.16006575681576113
709.0,1.5,0.17627683920460632,1.1777408637873754,0.16359808122330646
711.5,1.5,0.17419269461183592,1.1818936877076411,0.167117972221086
714.0,1.5,0.17745670704133687,1.186046511627907,0.17062551703076345
716.5,1.5,0.17432675556804333,1.1901993355481728,0.17412080195940555
719.0,1.5,0.1748036526772071,1.1943521594684385,0.17760391241222565
721.5,1.5,0.1741360075476012,1.1985049833887043,0.18107493290510449
724.0,1.5,0.1744469383311892,1.2026578073089702,0.1845339470768954
726.5,1.5,0.17216079644336882,1.206810631229236,0.18798103770151658
729.0,1.5,0.17141470880488,1.2109634551495017,0.1914162866998371
731.5,1.5,0.17742914294708817,1.2151162790697674,0.19483977515135792
734.0,1.5,0.17249535188584988,1.2192691029900333,0.19825158330569462
736.5,1.5,0.17215941285054676,1.223421926910299,0.20165179059386396
739.0,1.5,0.16979208366105503,1.2275747508305648,0.20504047563938074
741.5,1.5,0.17278131273585043,1.2317275747508305,0.2084177162691657
744.0,1.5,0.17137709808240822,1.2358803986710964,0.2117835895242709
746.5,1.5,0.17727498206494008,1.2400332225913622,0.21513817167042407
749.0,1.5,0.17598185662339016,1.244186046511628,0.21848153820839844
751.5,1.5,0.17256075350412645,1.2483388704318936,0.2218137638842081
754.0,1.5,0.17842028346124134,1.2524916943521596,0.22513492269913513
756.5,1.5,0.1758607916683884,1.2566445182724253,0.22844508791958962
759.0,1.5,0.1732329036590849,1.260797342192691,0.2317443320868089
761.5,1.5,0.16887248372829036,1.2649501661129567,0.2350327270263954
469.0,2.0,0.20607825233114357,0.7790697674418605,-0.2496546768625416
471.5,2.0,0.2050517299892859,0.7832225913621262,-0.24433834323530887
474.0,2.0,0.20298722287879561,0.7873754152823921,-0.23905012361374448
476.5,2.0,0.20326305051198865,0.7915282392026578,-0.23378972221456423
479.0,2.0,0.19977859442646462,0.7956810631229236,-0.22855684789790573
481.5,2.0,0.2023186437603224,0.7998338870431894,-0.2233512140706408
484.0,2.0,0.19989951486196564,0.8039867109634552,-0.21817253859218927
486.5,2.0,0.19904130582164575,0.8081395348837209,-0.2130205436827613
489.0,2.0,0.20099033028969865,0.8122923588039868,-0.20789495583394896
491.5,2.0,0.2028067336376345,0.8164451827242525,-0.2027955057215998
494.0,2.0,0.20126154079856898,0.8205980066445183,-0.19772192812089848
496.5,2.0,0.19569594068989538,0.824750830564784,-0.19267396182359375
499.0,2.0,0.1962794424609872,0.8289036544850499,-0.1876513495573023
501.5,2.0,0.19957158955046778,0.8330564784053156,-0.18265383790683082
504.0,2.0,0.19516588379602434,0.8372093023255814,-0.17768117723745236
506.5,2.0,0.1961317402624914,0.8413621262458472,-0.17273312162008297
509.0,2.0,0.1971404711019765,0.845514950166113,-0.16780942875829824
511.5,2.0,0.19357212863012266,0.8496677740863787,-0.16290985991713988
514.0,2.0,0.19519698950974748,0.8538205980066446,-0.1580341798536559
516.5,2.0,0.19180446086374314,0.8579734219269103,-0.15318215674912783
519.0,2.0,0.19276478640281647,0.8621262458471761,-0.14835356214293235
521.5,2.0,0.19411071792248785,0.8662790697674418,-0.14354817086799393
524.0,2.0,0.1897973094434047,0.8704318936877077,-0.13876576098777882
526.5,2.0,0.1933847895823283,0.8745847176079734,-0.13400611373479088
529.0,2.0,0.19199339973190446,0.8787375415282392,-0.1292690134505216
531.5,2.0,0.1926746759793306,0.882890365448505,-0.12455424752681844
534.0,2.0,0.19156262585134554,0.8870431893687708,-0.11986160634862615
536.5,2.0,0.19339615771039897,0.8911960132890365,-0.11519088323806789
539.0,2.0,0.19047928155221774,0.8953488372093024,-0.11054187439982384
541.5,2.0,0.18893875392242468,0.8995016611295681,-0.10591437886777576
544.0,2.0,0.18961857118515743,0.9036544850498339,-0.10130819845287838
546.5,2.0,0.19004456567381472,0.9078073089700996,-0.0967231376922278
549.0,2.0,0.1886471705586948,0.9119601328903655,-0.09215900379929037
551.5,2.0,0.18822950859814244,0.9161129568106312,-0.0876156066152639
554.0,2.0,0.18635051875849068,0.920265780730897,-0.0830927585615372
556.5,2.0,0.186042088928873,0.9244186046511628,-0.07859027459322154
559.0,2.0,0.1841831915888162,0.9285714285714286,-0.07410797215372185
561.5,2.0,0.19011510216053332,0.9327242524916943,-0.06964567113032319
564.0,2.0,0.18376271773292696,0.9368770764119602,-0.0652031938107621
566.5,2.0,0.1845059934925206,0.9410299003322259,-0.06078036484076006
569.0,2.0,0.1841031296892416,0.9451827242524917,-0.05637701118249008
571.5,2.0,0.18698463174743182,0.9493355481727574,-0.05199296207395572
574.0,2.0,0.18426633991873279,0.9534883720930233,-0.04762804898925459
576.5,2.0,0.18701971752871205,0.957641196013289,-0.04328210559970735
579.0,2.0,0.1828517056126511,0.9617940199335548,-0.03895496773582577
581.5,2.0,0.1844375107787356,0.9659468438538206,-0.03464647335010195
584.0,2.0,0.18189596998109103,0.9700996677740864,-0.030356462480593954
586.5,2.0,0.18755033509808988,0.9742524916943521,-0.026084777215290917
589.0,2.0,0.18058437009710793,0.978405315614618,-0.021831261657234306
591.5,2.0,0.18328482311517394,0.9825581395348837,-0.0175957618903796
594.0,2.0,0.18364436330446315,0.9867109634551495,-0.013378125946176087
596.5,2.0,0.1829219781667447,0.9908637873754153,-0.009178203770850267
599.0,2.0,0.1814472482093169,0.9950166112956811,-0.004995847193371666
601.5,2.0,0.1812874303854344,0.9991694352159468,-0.0008309098940875034
604.0,2.0,0.18136968027872344,1.0033222591362125,0.0033167526259938207
606.5,2.0,0.18072870975693997,1.0074750830564785,0.00744728307528386
609.0,2.0,0.18269673385410248,1.0116279069767442,0.011560822401076006
611.5,2.0,0.18494182443608972,1.01578073089701,0.01565750981840597
614.0,2.0,0.17916307508492826,1.0199335548172757,0.019737482838321337
616.5,2.0,0.17730114770827596,1.0240863787375416,0.023800877295578022
619.0,2.0,0.179632237660986,1.0282392026578073,0.027847827375775083
621.5,2.0,0.18474156077844683,1.032392026578073,0.03187846564194473
624.0,2.0,0.17775336561937205,1.0365448504983388,0.035892923060606534
626.5,2.0,0.18242269423504717,1.0406976744186047,0.039891329027302025
629.0,2.0,0.1822887230908704,1.0448504983388704,0.0438738113916195
631.5,2.0,0.1776200633686886,1.0490033222591362,0.047840496481724726
634.0,2.0,0.17966412534520576,1.053156146179402,0.05179150912840479
636.5,2.0,0.18158681690670958,1.0573089700996678,0.05572697268864024
639.0,2.0,0.17738052276948937,1.0614617940199336,0.05964700906871378
641.5,2.0,0.17754520798937423,1.0656146179401993,0.06355173874687003
644.0,2.0,0.17660737971433357,1.069767441860465,0.06744128079553248
646.5,2.0,0.17556433054000553,1.073920265780731,0.0713157529030912
649.0,2.0,0.17612306898052307,1.0780730897009967,0.07517527139526897
651.5,2.0,0.17480614991907323,1.0822259136212624,0.07901995125607873
654.0,2.0,0.17715917949291418,1.0863787375415281,0.08284990614837758
656.5,2.0,0.17539257402358666,1.090531561461794,0.0866652484340299
659.0,2.0,0.1772460768503651,1.0946843853820598,0.09046608919368619
661.5,2.0,0.1735171263444677,1.0988372093023255,0.09425253824618929
664.0,2.0,0.17714547089723776,1.1029900332225913,0.09802470416761272
666.5,2.0,0.17800989410306853,1.1071428571428572,0.10178269430994238
669.0,2.0,0.1722187769956296,1.111295681063123,0.10552661481940742
671.5,2.0,0.17682201390484156,1.1154485049833887,0.10925657065447118
674.0,2.0,0.17840108626380158,1.1196013289036544,0.1129726656034859
676.5,2.0,0.17340246403643078,1.1237541528239203,0.11667500230202174
679.0,2.0,0.17904699477157177,1.127906976744186,0.12036368224987509
681.5,2.0,0.17642405450380277,1.1320598006644518,0.12403880582776622
684.0,2.0,0.17406417883420303,1.1362126245847175,0.12770047231372933
686.5,2.0,0.17525482760184882,1.1403654485049834,0.13134877989920477
689.0,2.0,0.17637911807941162,1.1445182724252492,0.13498382570483752
691.5,2.0,0.1753144675036551,1.148671096345515,0.13860570579599182
694.0,2.0,0.17614381436454601,1.1528239202657806,0.14221451519798337
696.5,2.0,0.17313261379863015,1.1569767441860466,0.1458103479110394
699.0,2.0,0.1752241144605258,1.1611295681063123,0.14939329692498923
701.5,2.0,0.17197312965890207,1.165282392026578,0.15296345423369453
704.0,2.0,0.1744969676785255,1.169435215946844,0.15652091084922146
706.5,2.0,0.1728341227682156,1.1735880398671097,0.16006575681576113
709.0,2.0,0.1730970158000208,1.1777408637873754,0.16359808122330646
711.5,2.0,0.17696998181830736,1.1818936877076411,0.167117972221086
714.0,2.0,0.17661368087903068,1.186046511627907,0.17062551703076345
716.5,2.0,0.1755861111421696,1.1901993355481728,0.17412080195940555
719.0,2.0,0.17212345689066977,1.1943521594684385,0.17760391241222565
721.5,2.0,0.17361895091411295,1.1985049833887043,0.18107493290510449
724.0,2.0,0.17662505154247693,1.2026578073089702,0.1845339470768954
726.5,2.0,0.17443274673412287,1.206810631229236,0.18798103770151658
729.0,2.0,0.17874176311748938,1.2109634551495017,0.1914162866998371
731.5,2.0,0.17484683156899394,1.2151162790697674,0.19483977515135792
734.0,2.0,0.17440465347152875,1.2192691029900333,0.19825158330569462
736.5,2.0,0.17336591633941414,1.223421926910299,0.20165179059386396
739.0,2.0,0.17421802737812164,1.2275747508305648,0.20504047563938074
741.5,2.0,0.17361597245762,1.2317275747508305,0.2084177162691657
744.0,2.0,0.17531023468927925,1.2358803986710964,0.2117835895242709
746.5,2.0,0.17578363458833782,1.2400332225913622,0.21513817167042407
749.0,2.0,0.17227754021668684,1.244186046511628,0.21848153820839844
751.5,2.0,0.17116938850382535,1.2483388704318936,0.2218137638842081
754.0,2.0,0.17014479492417467,1.2524916943521596,0.22513492269913513
756.5,2.0,0.1748215258299572,1.2566445182724253,0.22844508791958962
759.0,2.0,0.1715901043346935,1.260797342192691,0.2317443320868089
761.5,2.0,0.16948527856943785,1.2649501661129567,0.2350327270263954
